"R2","lin","inter","betaLin","betaInter","R2_lin","R2_inter","R2_total","R2_add","diff"
0.2,0.5,0.5,0.119671366217142,0.204519378446284,0.0999962315517111,0.0999987147983492,0.201510239972672,0.19999494635006,NA
0.5,0.5,0.5,0.240031565074904,0.410211685046924,0.249999029559322,0.250000005605242,0.503787357635612,0.499999035164564,NA
0.8,0.5,0.5,0.485653866344447,0.829979141837459,0.399997437913408,0.400000210425975,0.806058958171671,0.799997648339383,NA
0.2,0.8,0.2,0.151346775559497,0.129322663547369,0.15999772895706,0.0399980767245881,0.201208033464019,0.199995805681648,NA
0.5,0.8,0.2,0.303388039289685,0.259241947763205,0.400000510797139,0.0999992037114622,0.503030368202251,0.499999714508601,NA
0.8,0.8,0.2,0.612401784942942,0.52329345581776,0.639999223749504,0.159999827150933,0.804848107460552,0.799999050900437,NA
0.2,0.2,0.8,0.0756685045044134,0.258650608594994,0.0399943799138609,0.15999928070638,0.201205838259569,0.199993660620241,NA
0.5,0.2,0.8,0.151691844048029,0.51848488600058,0.0999976742822628,0.400000003006481,0.503028305882613,0.499997677288743,NA
0.8,0.2,0.8,0.306198123133652,1.04658482739488,0.159997781092623,0.640000236696676,0.804847047182095,0.799998017789299,NA
